date,total_views,video,likes,comments,fave,type,tiktok_stat,category,engagement_rate,like_rate,comment_rate,favorite_rate,month,day_of_week,week,is_weekend,engagement_rate_pct,like_rate_pct,comment_rate_pct,favorite_rate_pct,text_features,cluster,cluster_label
2026-01-01,306.0,2025 recap,10.0,3.0,0.0,vlog style,trend audio ,uncategorized,0.0424836601307189,0.0326797385620915,0.0098039215686274,0.0,January,Thursday,1,False,4.248366013071895,3.2679738562091507,0.9803921568627452,0.0,2025 recap uncategorized vlog style trend audio ,4,Trend Audio / Misc Content
2026-01-01,532.0,Heathrow at 8am,37.0,0.0,0.0,spam style,trend audio ,travel,0.0695488721804511,0.0695488721804511,0.0,0.0,January,Thursday,1,False,6.954887218045112,6.954887218045112,0.0,0.0,Heathrow at 8am travel spam style trend audio ,4,Trend Audio / Misc Content
2026-01-02,552.0,Jelly cat hunting ,46.0,2.0,1.0,vlog style ,trend audio ,knick knacks,0.0887681159420289,0.0833333333333333,0.0036231884057971,0.0018115942028985,January,Friday,1,False,8.876811594202898,8.333333333333332,0.3623188405797101,0.181159420289855,Jelly cat hunting  knick knacks vlog style  trend audio ,4,Trend Audio / Misc Content
2026-01-02,329.0,help...(Jelly cat),18.0,1.0,1.0,tiktok style,trend audio ,knick knacks,0.060790273556231,0.0547112462006079,0.0030395136778115,0.0030395136778115,January,Friday,1,False,6.079027355623101,5.47112462006079,0.303951367781155,0.303951367781155,help...(Jelly cat) knick knacks tiktok style trend audio ,3,BookTok / Niche Content
2026-01-03,408.0,walking in suburbs ,24.0,4.0,0.0,tiktok style,trend audio ,uncategorized,0.0686274509803921,0.0588235294117647,0.0098039215686274,0.0,January,Saturday,1,True,6.862745098039216,5.88235294117647,0.9803921568627452,0.0,walking in suburbs  uncategorized tiktok style trend audio ,3,BookTok / Niche Content
2026-01-03,1044.0,editing family like a reality tv mid season finale ,109.0,0.0,4.0,tiktok style,tiktok trend,family,0.1082375478927203,0.1044061302681992,0.0,0.003831417624521,January,Saturday,1,True,10.82375478927203,10.440613026819925,0.0,0.3831417624521072,editing family like a reality tv mid season finale  family tiktok style tiktok trend,3,BookTok / Niche Content
2026-01-04,1251.0,srk/kajol london statue,106.0,2.0,1.0,tiktok style,trend audio ,travel,0.0871302957633892,0.0847322142286171,0.0015987210231814,0.0007993605115907,January,Sunday,1,True,8.71302957633893,8.47322142286171,0.1598721023181454,0.0799360511590727,srk/kajol london statue travel tiktok style trend audio ,3,BookTok / Niche Content
2026-01-04,2609.0,avatar river adventure,324.0,3.0,9.0,tiktok style,no audio ,travel,0.1287849750862399,0.1241855116903028,0.0011498658489842,0.0034495975469528,January,Sunday,1,True,12.878497508623992,12.41855116903028,0.1149865848984285,0.3449597546952855,avatar river adventure travel tiktok style no audio ,3,BookTok / Niche Content
2026-01-04,6379.0,London transportation ,592.0,5.0,4.0,tiktok style,tiktok trend,travel,0.0942153942624235,0.0928045148142342,0.0007838219156607,0.0006270575325286,January,Sunday,1,True,9.421539426242358,9.28045148142342,0.0783821915660761,0.0627057532528609,London transportation  travel tiktok style tiktok trend,3,BookTok / Niche Content
2026-01-05,64700.0,quarterbacks question ,2207.0,27.0,21.0,spam style,regular audio ,uncategorized,0.0348531684698609,0.0341112828438949,0.0004173106646058,0.0003245749613601,January,Monday,2,False,3.48531684698609,3.41112828438949,0.0417310664605873,0.0324574961360123,quarterbacks question  uncategorized spam style regular audio ,4,Trend Audio / Misc Content
2026-01-05,1405.0,pub transport/what my mom hears ,189.0,3.0,5.0,tiktok style,trend audio ,travel,0.1402135231316726,0.1345195729537366,0.0021352313167259,0.0035587188612099,January,Monday,2,False,14.02135231316726,13.451957295373663,0.2135231316725978,0.3558718861209964,pub transport/what my mom hears  travel tiktok style trend audio ,3,BookTok / Niche Content
2026-01-06,536.0,POV: women with bad partners ,52.0,6.0,1.0,yapping,regular audio ,uncategorized,0.1100746268656716,0.0970149253731343,0.0111940298507462,0.001865671641791,January,Tuesday,2,False,11.007462686567164,9.701492537313433,1.1194029850746268,0.1865671641791044,POV: women with bad partners  uncategorized yapping regular audio ,4,Trend Audio / Misc Content
2026-01-06,1699.0,prince nick and jess,220.0,2.0,1.0,spam style,trend audio ,TV/movies,0.1312536786344909,0.1294879340788699,0.0011771630370806,0.0005885815185403,January,Tuesday,2,False,13.125367863449087,12.948793407886994,0.1177163037080635,0.0588581518540317,prince nick and jess TV/movies spam style trend audio ,1,Food / Lifestyle Content
2026-01-07,962.0,Reet growing up ,101.0,2.0,0.0,vlog style ,trend audio ,family,0.107068607068607,0.104989604989605,0.002079002079002,0.0,January,Wednesday,2,False,10.706860706860708,10.4989604989605,0.2079002079002079,0.0,Reet growing up  family vlog style  trend audio ,4,Trend Audio / Misc Content
2026-01-07,5248.0,Conformity gate,197.0,31.0,5.0,spam style,trend audio ,uncategorized,0.0443978658536585,0.0375381097560975,0.0059070121951219,0.000952743902439,January,Wednesday,2,False,4.439786585365853,3.753810975609756,0.5907012195121951,0.0952743902439024,Conformity gate uncategorized spam style trend audio ,4,Trend Audio / Misc Content
2026-01-08,306.0,Doremi baking behind the scenes,24.0,3.0,0.0,vlog style ,trend audio ,friends,0.088235294117647,0.0784313725490196,0.0098039215686274,0.0,January,Thursday,2,False,8.823529411764707,7.84313725490196,0.9803921568627452,0.0,Doremi baking behind the scenes friends vlog style  trend audio ,2,Friend / Social Content
2026-01-08,435.0,jelly cat/heated rivalry ,35.0,1.0,0.0,tiktok style,trend audio ,knick knacks,0.0827586206896551,0.0804597701149425,0.0022988505747126,0.0,January,Thursday,2,False,8.275862068965518,8.045977011494253,0.2298850574712643,0.0,jelly cat/heated rivalry  knick knacks tiktok style trend audio ,3,BookTok / Niche Content
2026-01-08,1293.0,this and a joke that only makes sense on this trip ,78.0,4.0,2.0,tiktok style,trend audio ,friends,0.0649651972157772,0.0603248259860788,0.0030935808197989,0.0015467904098994,January,Thursday,2,False,6.496519721577726,6.0324825986078885,0.3093580819798917,0.1546790409899458,this and a joke that only makes sense on this trip  friends tiktok style trend audio ,2,Friend / Social Content
2026-01-09,820.0,f u and those kids,134.0,2.0,0.0,tiktok style,tiktok trend,travel,0.1658536585365853,0.1634146341463414,0.0024390243902439,0.0,January,Friday,2,False,16.585365853658537,16.34146341463415,0.2439024390243902,0.0,f u and those kids travel tiktok style tiktok trend,3,BookTok / Niche Content
2026-01-10,2105.0,this and no one yapping...,411.0,0.0,24.0,tiktok style,tiktok trend,Museum,0.2066508313539192,0.1952494061757719,0.0,0.0114014251781472,January,Saturday,2,True,20.665083135391924,19.5249406175772,0.0,1.1401425178147269,this and no one yapping... Museum tiktok style tiktok trend,3,BookTok / Niche Content
2026-01-11,5652.0,conformity gate x got s8 ,62.0,0.0,3.0,spam style,trend audio ,TV/movies,0.0115003538570417,0.010969568294409,0.0,0.0005307855626326,January,Sunday,2,True,1.1500353857041754,1.0969568294409058,0.0,0.0530785562632696,conformity gate x got s8  TV/movies spam style trend audio ,1,Food / Lifestyle Content
2026-01-11,317.0,Lucknow,16.0,0.0,0.0,vlog style ,trend audio ,travel,0.0504731861198738,0.0504731861198738,0.0,0.0,January,Sunday,2,True,5.047318611987381,5.047318611987381,0.0,0.0,Lucknow travel vlog style  trend audio ,4,Trend Audio / Misc Content
2026-01-12,366.0,my fave art museum pieces,15.0,0.0,0.0,vlog style ,regular audio ,Museum,0.040983606557377,0.040983606557377,0.0,0.0,January,Monday,3,False,4.098360655737705,4.098360655737705,0.0,0.0,my fave art museum pieces Museum vlog style  regular audio ,4,Trend Audio / Misc Content
2026-01-12,3868.0,conformity gate pt 3,165.0,0.0,2.0,spam style,trend audio ,uncategorized,0.0431747673216132,0.0426577042399172,0.0,0.0005170630816959,January,Monday,3,False,4.317476732161324,4.265770423991727,0.0,0.0517063081695967,conformity gate pt 3 uncategorized spam style trend audio ,4,Trend Audio / Misc Content
2026-01-12,296.0,escape room jelly cate ,18.0,0.0,1.0,tiktok style,trend audio ,knick knacks,0.0641891891891891,0.0608108108108108,0.0,0.0033783783783783,January,Monday,3,False,6.418918918918918,6.081081081081082,0.0,0.3378378378378378,escape room jelly cate  knick knacks tiktok style trend audio ,3,BookTok / Niche Content
2026-01-13,15461.0,pitch perfect riff off,3299.0,23.0,77.0,spam style,regular audio ,TV/movies,0.2198434771360196,0.2133755901946833,0.0014876139965073,0.0049802729448289,January,Tuesday,3,False,21.984347713601966,21.337559019468337,0.1487613996507341,0.4980272944828924,pitch perfect riff off TV/movies spam style regular audio ,1,Food / Lifestyle Content
2026-01-13,457.0,pitch perfect song would save me from vecna ,15.0,2.0,0.0,tiktok style,tiktok trend,TV/movies,0.037199124726477,0.0328227571115973,0.0043763676148796,0.0,January,Tuesday,3,False,3.719912472647703,3.282275711159737,0.437636761487965,0.0,pitch perfect song would save me from vecna  TV/movies tiktok style tiktok trend,3,BookTok / Niche Content
2026-01-14,125337.0,flashlight PP2,11700.0,151.0,201.0,yapping,no audio ,TV/movies,0.0961567613713428,0.0933483328945163,0.0012047519886386,0.0016036764881878,January,Wednesday,3,False,9.615676137134288,9.334833289451636,0.120475198863863,0.1603676488187845,flashlight PP2 TV/movies yapping no audio ,1,Food / Lifestyle Content
2026-01-14,1311.0,duality of bookshelf,90.0,0.0,1.0,tiktok style,tiktok trend,booktok,0.0694126620900076,0.068649885583524,0.0,0.0007627765064836,January,Wednesday,3,False,6.941266209000762,6.864988558352403,0.0,0.07627765064836,duality of bookshelf booktok tiktok style tiktok trend,3,BookTok / Niche Content
2026-01-14,1369.0,transport museum ,113.0,0.0,7.0,tiktok style,tiktok trend,Museum,0.0876552227903579,0.0825420014609203,0.0,0.0051132213294375,January,Wednesday,3,False,8.765522279035793,8.254200146092037,0.0,0.5113221329437546,transport museum  Museum tiktok style tiktok trend,3,BookTok / Niche Content
2026-01-15,546.0,weekend lover trend yap ,31.0,2.0,0.0,yapping,trend audio ,uncategorized,0.0604395604395604,0.0567765567765567,0.0036630036630036,0.0,January,Thursday,3,False,6.043956043956044,5.677655677655678,0.3663003663003663,0.0,weekend lover trend yap  uncategorized yapping trend audio ,4,Trend Audio / Misc Content
2026-01-15,322.0,pictures and postcards,20.0,0.0,1.0,vlog style ,regular audio ,knick knacks,0.0652173913043478,0.062111801242236,0.0,0.0031055900621118,January,Thursday,3,False,6.521739130434782,6.211180124223603,0.0,0.3105590062111801,pictures and postcards knick knacks vlog style  regular audio ,4,Trend Audio / Misc Content
2026-01-15,445.0,CNY lego,26.0,3.0,0.0,vlog style ,regular audio ,knick knacks,0.0651685393258427,0.0584269662921348,0.0067415730337078,0.0,January,Thursday,3,False,6.51685393258427,5.842696629213483,0.6741573033707865,0.0,CNY lego knick knacks vlog style  regular audio ,4,Trend Audio / Misc Content
2026-01-16,408.0,take a pic of urself and let tiktok choose audio ,22.0,1.0,0.0,tiktok style,tiktok trend,uncategorized,0.0563725490196078,0.0539215686274509,0.0024509803921568,0.0,January,Friday,3,False,5.637254901960785,5.392156862745098,0.2450980392156862,0.0,take a pic of urself and let tiktok choose audio  uncategorized tiktok style tiktok trend,3,BookTok / Niche Content
2026-01-17,381.0,mamma papa anniversary video,43.0,0.0,1.0,vlog style ,regular audio ,family,0.1154855643044619,0.1128608923884514,0.0,0.0026246719160104,January,Saturday,3,True,11.548556430446194,11.286089238845143,0.0,0.2624671916010498,mamma papa anniversary video family vlog style  regular audio ,4,Trend Audio / Misc Content
2026-01-18,3570.0,drunk me thought this was so aesthetic ,261.0,18.0,3.0,tiktok style,tiktok trend,uncategorized,0.0789915966386554,0.073109243697479,0.0050420168067226,0.0008403361344537,January,Sunday,3,True,7.899159663865546,7.3109243697479,0.5042016806722689,0.0840336134453781,drunk me thought this was so aesthetic  uncategorized tiktok style tiktok trend,3,BookTok / Niche Content
2026-01-18,537.0,friends drinking before beating deadhorse,537.0,17.0,1.0,spam style,trend audio ,friends,1.0335195530726258,1.0,0.031657355679702,0.0018621973929236,January,Sunday,3,True,103.35195530726256,100.0,3.165735567970205,0.186219739292365,friends drinking before beating deadhorse friends spam style trend audio ,2,Friend / Social Content
2026-01-18,2132.0,sardines in uber,51.0,1.0,0.0,spam style,trend audio ,friends,0.024390243902439,0.023921200750469,0.0004690431519699,0.0,January,Sunday,3,True,2.4390243902439024,2.3921200750469045,0.0469043151969981,0.0,sardines in uber friends spam style trend audio ,2,Friend / Social Content
2026-01-19,359.0,star wars video ,17.0,0.0,0.0,vlog style ,trend audio ,uncategorized,0.0473537604456824,0.0473537604456824,0.0,0.0,January,Monday,4,False,4.735376044568245,4.735376044568245,0.0,0.0,star wars video  uncategorized vlog style  trend audio ,4,Trend Audio / Misc Content
2026-01-19,413.0,sd vlog food,21.0,0.0,2.0,vlog style ,regular audio ,food,0.0556900726392251,0.0508474576271186,0.0,0.0048426150121065,January,Monday,4,False,5.569007263922518,5.084745762711865,0.0,0.4842615012106537,sd vlog food food vlog style  regular audio ,3,BookTok / Niche Content
2026-01-19,300.0,sd vlog ,17.0,4.0,1.0,vlog style ,trend audio ,friends,0.0733333333333333,0.0566666666666666,0.0133333333333333,0.0033333333333333,January,Monday,4,False,7.333333333333333,5.666666666666666,1.3333333333333337,0.3333333333333333,sd vlog  friends vlog style  trend audio ,2,Friend / Social Content
2026-01-19,4654.0,remy girl on the plane ,223.0,3.0,0.0,spam style,regular audio ,uncategorized,0.0485603781693167,0.0479157713794585,0.0006446067898581,0.0,January,Monday,4,False,4.856037816931671,4.791577137945853,0.0644606789858186,0.0,remy girl on the plane  uncategorized spam style regular audio ,4,Trend Audio / Misc Content
2026-01-20,709.0,tell me lies s3 thoughts ,34.0,2.0,1.0,yapping,trend audio ,TV/movies,0.0521861777150916,0.0479548660084626,0.002820874471086,0.001410437235543,January,Tuesday,4,False,5.218617771509168,4.795486600846263,0.2820874471086037,0.1410437235543018,tell me lies s3 thoughts  TV/movies yapping trend audio ,1,Food / Lifestyle Content
2026-01-20,971.0,victoria becks x chicken little ,66.0,1.0,3.0,spam style,regular audio ,uncategorized,0.0720906282183316,0.0679711637487126,0.0010298661174047,0.0030895983522142,January,Tuesday,4,False,7.209062821833162,6.797116374871266,0.1029866117404737,0.3089598352214212,victoria becks x chicken little  uncategorized spam style regular audio ,4,Trend Audio / Misc Content
2026-01-20,398.0,iceland wind,31.0,1.0,0.0,tiktok style,trend audio ,friends,0.0804020100502512,0.0778894472361809,0.0025125628140703,0.0,January,Tuesday,4,False,8.040201005025125,7.788944723618091,0.2512562814070351,0.0,iceland wind friends tiktok style trend audio ,2,Friend / Social Content
2026-01-21,352.0,drinking around the world,28.0,6.0,0.0,vlog style ,no audio ,food,0.096590909090909,0.0795454545454545,0.0170454545454545,0.0,January,Wednesday,4,False,9.659090909090908,7.954545454545454,1.7045454545454544,0.0,drinking around the world food vlog style  no audio ,3,BookTok / Niche Content
2026-01-21,359.0,exchanging small gifts,20.0,3.0,0.0,vlog style ,trend audio ,friends,0.064066852367688,0.0557103064066852,0.0083565459610027,0.0,January,Wednesday,4,False,6.406685236768802,5.571030640668524,0.8356545961002786,0.0,exchanging small gifts friends vlog style  trend audio ,2,Friend / Social Content
2026-01-21,437.0,POV u ask how my day is going ,46.0,2.0,0.0,yapping,regular audio ,uncategorized,0.1098398169336384,0.1052631578947368,0.0045766590389016,0.0,January,Wednesday,4,False,10.983981693363845,10.526315789473683,0.4576659038901602,0.0,POV u ask how my day is going  uncategorized yapping regular audio ,4,Trend Audio / Misc Content
2026-01-21,325.0,rabias surprise ,16.0,5.0,1.0,vlog style ,regular audio ,friends,0.0676923076923076,0.0492307692307692,0.0153846153846153,0.003076923076923,January,Wednesday,4,False,6.769230769230769,4.923076923076923,1.5384615384615383,0.3076923076923077,rabias surprise  friends vlog style  regular audio ,2,Friend / Social Content
2026-01-22,1000000.0,sinners oscar nom ,196800.0,180.0,2109.0,spam style,trend audio ,TV/movies,0.199089,0.1968,0.00018,0.002109,January,Thursday,4,False,19.9089,19.68,0.018,0.2109,sinners oscar nom  TV/movies spam style trend audio ,1,Food / Lifestyle Content
2026-01-23,282.0,San Diego,14.0,0.0,0.0,vlog style ,regular audio ,travel,0.0496453900709219,0.0496453900709219,0.0,0.0,January,Friday,4,False,4.964539007092199,4.964539007092199,0.0,0.0,San Diego travel vlog style  regular audio ,4,Trend Audio / Misc Content
2026-01-23,633.0,texas before winterpocalypse,63.0,4.0,0.0,spam style,trend audio ,uncategorized,0.1058451816745655,0.0995260663507109,0.0063191153238546,0.0,January,Friday,4,False,10.584518167456556,9.95260663507109,0.631911532385466,0.0,texas before winterpocalypse uncategorized spam style trend audio ,4,Trend Audio / Misc Content
2026-01-23,690.0,F1 oscars,38.0,5.0,0.0,yapping,regular audio ,TV/movies,0.0623188405797101,0.0550724637681159,0.0072463768115942,0.0,January,Friday,4,False,6.231884057971015,5.507246376811594,0.7246376811594203,0.0,F1 oscars TV/movies yapping regular audio ,1,Food / Lifestyle Content
2026-01-23,973.0,Nosferatu v frank,30.0,13.0,0.0,spam style,trend audio ,TV/movies,0.0441932168550873,0.0308324768756423,0.013360739979445,0.0,January,Friday,4,False,4.419321685508735,3.0832476875642345,1.3360739979445015,0.0,Nosferatu v frank TV/movies spam style trend audio ,1,Food / Lifestyle Content
2026-01-24,6779.0,texas after snow 2025,191.0,0.0,6.0,vlog style ,regular audio ,uncategorized,0.0290603333825047,0.0281752470865909,0.0,0.0008850862959138,January,Saturday,4,True,2.9060333382504795,2.817524708659094,0.0,0.0885086295913851,texas after snow 2025 uncategorized vlog style  regular audio ,4,Trend Audio / Misc Content
2026-01-24,1537.0,me in texas snow,109.0,8.0,4.0,vlog style ,regular audio ,uncategorized,0.0787247885491216,0.0709173715029277,0.0052049446974625,0.0026024723487312,January,Saturday,4,True,7.872478854912167,7.0917371502927775,0.520494469746259,0.2602472348731295,me in texas snow uncategorized vlog style  regular audio ,4,Trend Audio / Misc Content
2026-01-24,3042.0,would u rather bella v lucy ,35.0,14.0,0.0,yapping,regular audio ,TV/movies,0.0161078238001314,0.0115055884286653,0.0046022353714661,0.0,January,Saturday,4,True,1.610782380013149,1.1505588428665352,0.460223537146614,0.0,would u rather bella v lucy  TV/movies yapping regular audio ,1,Food / Lifestyle Content
2026-01-26,574.0,SD greg peck ,17.0,0.0,0.0,tiktok style,tiktok trend,TV/movies,0.0296167247386759,0.0296167247386759,0.0,0.0,January,Monday,5,False,2.961672473867596,2.961672473867596,0.0,0.0,SD greg peck  TV/movies tiktok style tiktok trend,3,BookTok / Niche Content
2026-01-27,384.0,mamma packing ,22.0,0.0,0.0,tiktok style,tiktok trend,uncategorized,0.0572916666666666,0.0572916666666666,0.0,0.0,January,Tuesday,5,False,5.729166666666666,5.729166666666666,0.0,0.0,mamma packing  uncategorized tiktok style tiktok trend,3,BookTok / Niche Content
2026-01-27,357.0,cold rainy day snack,10.0,1.0,1.0,vlog style,regular audio ,food,0.0336134453781512,0.0280112044817927,0.0028011204481792,0.0028011204481792,January,Tuesday,5,False,3.361344537815126,2.801120448179272,0.2801120448179272,0.2801120448179272,cold rainy day snack food vlog style regular audio ,3,BookTok / Niche Content
2026-01-28,329.0,most overrated food trends of the last decade,8.0,2.0,0.0,tiktok text feature ,regular audio ,food,0.0303951367781155,0.0243161094224924,0.0060790273556231,0.0,January,Wednesday,5,False,3.0395136778115504,2.43161094224924,0.60790273556231,0.0,most overrated food trends of the last decade food tiktok text feature  regular audio ,3,BookTok / Niche Content
2026-01-28,424.0,soty x heated rivalry,22.0,2.0,1.0,yapping,regular audio ,TV/movies,0.0589622641509434,0.0518867924528301,0.0047169811320754,0.0023584905660377,January,Wednesday,5,False,5.89622641509434,5.188679245283019,0.4716981132075472,0.2358490566037736,soty x heated rivalry TV/movies yapping regular audio ,1,Food / Lifestyle Content
2026-01-28,1942.0,bree and wrig in tell me lies ,139.0,7.0,7.0,spam style,regular audio ,TV/movies,0.0787847579814624,0.0715756951596292,0.0036045314109165,0.0036045314109165,January,Wednesday,5,False,7.87847579814624,7.1575695159629245,0.3604531410916581,0.3604531410916581,bree and wrig in tell me lies  TV/movies spam style regular audio ,1,Food / Lifestyle Content
2026-01-28,424.0,sd food ,15.0,2.0,3.0,vlog style ,trend audio ,food,0.0471698113207547,0.035377358490566,0.0047169811320754,0.0070754716981132,January,Wednesday,5,False,4.716981132075472,3.537735849056604,0.4716981132075472,0.7075471698113208,sd food  food vlog style  trend audio ,3,BookTok / Niche Content
2026-01-29,338.0,emma different versions,4.0,0.0,0.0,tiktok style,trend audio ,booktok,0.0118343195266272,0.0118343195266272,0.0,0.0,January,Thursday,5,False,1.183431952662722,1.183431952662722,0.0,0.0,emma different versions booktok tiktok style trend audio ,3,BookTok / Niche Content
2026-01-29,219.0,deadpool 10 yrs,3.0,0.0,0.0,yapping,no audio ,TV/movies,0.0136986301369863,0.0136986301369863,0.0,0.0,January,Thursday,5,False,1.36986301369863,1.36986301369863,0.0,0.0,deadpool 10 yrs TV/movies yapping no audio ,1,Food / Lifestyle Content
2026-01-29,348.0,iceland is cool but katy mills,23.0,0.0,0.0,tiktok style,tiktok trend,travel,0.0660919540229885,0.0660919540229885,0.0,0.0,January,Thursday,5,False,6.609195402298851,6.609195402298851,0.0,0.0,iceland is cool but katy mills travel tiktok style tiktok trend,3,BookTok / Niche Content
2026-01-30,370.0,everything we ate at Senece Trattoria,15.0,3.0,0.0,vlog style ,regular audio ,food,0.0486486486486486,0.0405405405405405,0.0081081081081081,0.0,January,Friday,5,False,4.864864864864865,4.054054054054054,0.8108108108108109,0.0,everything we ate at Senece Trattoria food vlog style  regular audio ,3,BookTok / Niche Content
2026-01-30,517.0,moon,39.0,4.0,0.0,spam style,regular audio ,uncategorized,0.0831721470019342,0.0754352030947775,0.0077369439071566,0.0,January,Friday,5,False,8.317214700193423,7.543520309477756,0.7736943907156674,0.0,moon uncategorized spam style regular audio ,4,Trend Audio / Misc Content
2026-01-30,2575.0,the greek statue at BM,276.0,2.0,13.0,tiktok style,trend audio ,Museum,0.113009708737864,0.1071844660194174,0.0007766990291262,0.0050485436893203,January,Friday,5,False,11.300970873786408,10.718446601941748,0.0776699029126213,0.5048543689320388,the greek statue at BM Museum tiktok style trend audio ,3,BookTok / Niche Content
2026-01-31,516.0,misinterpretting take me to church,72.0,0.0,2.0,spam style,regular audio ,uncategorized,0.1434108527131783,0.1395348837209302,0.0,0.003875968992248,January,Saturday,5,True,14.34108527131783,13.953488372093023,0.0,0.3875968992248062,misinterpretting take me to church uncategorized spam style regular audio ,4,Trend Audio / Misc Content
2026-01-31,801.0,hot ones themed bday,38.0,3.0,15.0,vlog style ,regular audio ,friends,0.0699126092384519,0.0474406991260923,0.0037453183520599,0.0187265917602996,January,Saturday,5,True,6.991260923845194,4.744069912609239,0.3745318352059925,1.872659176029963,hot ones themed bday friends vlog style  regular audio ,2,Friend / Social Content
2026-02-01,1213.0,everything i ate in london,64.0,7.0,7.0,vlog style ,regular audio ,food,0.0643033800494641,0.0527617477328936,0.0057708161582852,0.0057708161582852,February,Sunday,5,True,6.430338004946414,5.276174773289365,0.5770816158285244,0.5770816158285244,everything i ate in london food vlog style  regular audio ,3,BookTok / Niche Content
2026-02-01,462.0,hot ones challenge crash out,23.0,6.0,0.0,vlog style ,regular audio ,friends,0.0627705627705627,0.0497835497835497,0.0129870129870129,0.0,February,Sunday,5,True,6.277056277056277,4.978354978354979,1.2987012987012987,0.0,hot ones challenge crash out friends vlog style  regular audio ,2,Friend / Social Content
2026-02-01,570.0,pistachio cloud king from hey tea ,27.0,1.0,2.0,vlog style ,regular audio ,food,0.0526315789473684,0.0473684210526315,0.0017543859649122,0.0035087719298245,February,Sunday,5,True,5.263157894736842,4.736842105263158,0.175438596491228,0.3508771929824561,pistachio cloud king from hey tea  food vlog style  regular audio ,3,BookTok / Niche Content
2026-02-01,317.0,me when (reused a pic espresso martini),11.0,0.0,0.0,spam style,trend audio ,food,0.0347003154574132,0.0347003154574132,0.0,0.0,February,Sunday,5,True,3.4700315457413247,3.4700315457413247,0.0,0.0,me when (reused a pic espresso martini) food spam style trend audio ,3,BookTok / Niche Content
2026-02-02,1207.0,bridgeton couch,112.0,7.0,2.0,spam style,trend audio ,TV/movies,0.100248550124275,0.0927920463960232,0.0057995028997514,0.0016570008285004,February,Monday,6,False,10.024855012427508,9.27920463960232,0.579950289975145,0.1657000828500414,bridgeton couch TV/movies spam style trend audio ,1,Food / Lifestyle Content
2026-02-02,309.0,cinema at selfridges,12.0,0.0,1.0,vlog style ,trend audio ,family,0.0420711974110032,0.0388349514563106,0.0,0.0032362459546925,February,Monday,6,False,4.207119741100324,3.883495145631068,0.0,0.3236245954692557,cinema at selfridges family vlog style  trend audio ,4,Trend Audio / Misc Content
2026-02-02,1007.0,do not come with me to hey tea,44.0,6.0,1.0,"yapping, vlog style",no audio ,food,0.0506454816285998,0.0436941410129096,0.0059582919563058,0.0009930486593843,February,Monday,6,False,5.06454816285998,4.369414101290963,0.5958291956305859,0.0993048659384309,"do not come with me to hey tea food yapping, vlog style no audio ",3,BookTok / Niche Content
2026-02-02,523.0,iceland (lord im 500 miles),51.0,2.0,2.0,tiktok style,tiktok trend,travel,0.1051625239005736,0.0975143403441682,0.0038240917782026,0.0038240917782026,February,Monday,6,False,10.51625239005736,9.751434034416825,0.3824091778202677,0.3824091778202677,iceland (lord im 500 miles) travel tiktok style tiktok trend,3,BookTok / Niche Content
2026-02-03,442.0,bridgeton ,65.0,2.0,2.0,spam style,trend audio ,TV/movies,0.1561085972850678,0.1470588235294117,0.004524886877828,0.004524886877828,February,Tuesday,6,False,15.610859728506789,14.705882352941178,0.4524886877828055,0.4524886877828055,bridgeton  TV/movies spam style trend audio ,1,Food / Lifestyle Content
2026-02-03,390.0,Bun house london,25.0,0.0,1.0,vlog style,regular audio ,food,0.0666666666666666,0.0641025641025641,0.0,0.0025641025641025,February,Tuesday,6,False,6.666666666666667,6.41025641025641,0.0,0.2564102564102564,Bun house london food vlog style regular audio ,3,BookTok / Niche Content
2026-02-03,1866.0,bum allegations tell me lies,72.0,8.0,1.0,yapping,no audio ,TV/movies,0.0434083601286173,0.0385852090032154,0.0042872454448017,0.0005359056806002,February,Tuesday,6,False,4.340836012861737,3.858520900321544,0.4287245444801715,0.0535905680600214,bum allegations tell me lies TV/movies yapping no audio ,1,Food / Lifestyle Content
2026-02-03,3877.0,wrigley and bree scene from tml,607.0,3.0,8.0,spam style,no audio ,TV/movies,0.1594015991746195,0.1565643538818674,0.0007737941707505,0.0020634511220015,February,Tuesday,6,False,15.940159917461957,15.656435388186743,0.077379417075058,0.2063451122001547,wrigley and bree scene from tml TV/movies spam style no audio ,1,Food / Lifestyle Content
2026-02-04,681.0,benedict sophie edit request ,54.0,1.0,2.0,spam style,trend audio ,TV/movies,0.0837004405286343,0.079295154185022,0.0014684287812041,0.0029368575624082,February,Wednesday,6,False,8.370044052863436,7.929515418502203,0.1468428781204111,0.2936857562408223,benedict sophie edit request  TV/movies spam style trend audio ,1,Food / Lifestyle Content
2026-02-04,463.0,room and purse,23.0,2.0,0.0,yapping,regular audio ,uncategorized,0.0539956803455723,0.0496760259179265,0.0043196544276457,0.0,February,Wednesday,6,False,5.399568034557236,4.967602591792657,0.4319654427645789,0.0,room and purse uncategorized yapping regular audio ,4,Trend Audio / Misc Content
2026-02-04,454.0,the ugly truth,16.0,4.0,1.0,yapping,no audio ,TV/movies,0.0462555066079295,0.0352422907488986,0.0088105726872246,0.0022026431718061,February,Wednesday,6,False,4.625550660792952,3.524229074889868,0.881057268722467,0.2202643171806167,the ugly truth TV/movies yapping no audio ,1,Food / Lifestyle Content
2026-02-04,182.0,jan recap cute vid,6.0,1.0,0.0,vlog style,trend audio ,friends,0.0384615384615384,0.0329670329670329,0.0054945054945054,0.0,February,Wednesday,6,False,3.8461538461538463,3.296703296703297,0.5494505494505495,0.0,jan recap cute vid friends vlog style trend audio ,2,Friend / Social Content
2026-02-05,206.0,jan recap,9.0,3.0,0.0,yapping,regular audio ,uncategorized,0.058252427184466,0.0436893203883495,0.0145631067961165,0.0,February,Thursday,6,False,5.825242718446602,4.368932038834951,1.4563106796116505,0.0,jan recap uncategorized yapping regular audio ,4,Trend Audio / Misc Content
2026-02-05,398.0,chicago egg tart and crispy coke,33.0,3.0,0.0,vlog style,trend audio ,food,0.0904522613065326,0.0829145728643216,0.007537688442211,0.0,February,Thursday,6,False,9.045226130653267,8.291457286432161,0.7537688442211055,0.0,chicago egg tart and crispy coke food vlog style trend audio ,3,BookTok / Niche Content
2026-02-05,137.0,tom and jerry green screen with food ,5.0,0.0,0.0,tiktok style,tiktok trend,food,0.0364963503649635,0.0364963503649635,0.0,0.0,February,Thursday,6,False,3.64963503649635,3.64963503649635,0.0,0.0,tom and jerry green screen with food  food tiktok style tiktok trend,3,BookTok / Niche Content
2026-02-05,407.0,fresso ,17.0,7.0,0.0,spam style,tiktok trend,food,0.0589680589680589,0.0417690417690417,0.0171990171990172,0.0,February,Thursday,6,False,5.896805896805897,4.176904176904177,1.71990171990172,0.0,fresso  food spam style tiktok trend,3,BookTok / Niche Content
2026-02-06,344.0,"""where'd all my money go""",5.0,0.0,0.0,tiktok style,tiktok trend,travel,0.0145348837209302,0.0145348837209302,0.0,0.0,February,Friday,6,False,1.4534883720930232,1.4534883720930232,0.0,0.0,"""where'd all my money go"" travel tiktok style tiktok trend",3,BookTok / Niche Content
2026-02-06,1370.0,bridgerton men are rakes,85.0,0.0,0.0,yapping,trend audio ,TV/movies,0.0620437956204379,0.0620437956204379,0.0,0.0,February,Friday,6,False,6.204379562043796,6.204379562043796,0.0,0.0,bridgerton men are rakes TV/movies yapping trend audio ,1,Food / Lifestyle Content
2026-02-06,349.0,greg and rowley pic,15.0,2.0,0.0,tiktok style,tiktok trend,friends,0.0487106017191977,0.0429799426934097,0.0057306590257879,0.0,February,Friday,6,False,4.871060171919771,4.297994269340974,0.5730659025787965,0.0,greg and rowley pic friends tiktok style tiktok trend,3,BookTok / Niche Content
2026-02-06,699.0,you've got mail,13.0,2.0,4.0,spam style,regular audio ,TV/movies,0.0271816881258941,0.0185979971387696,0.0028612303290414,0.0057224606580829,February,Friday,6,False,2.718168812589413,1.859799713876967,0.2861230329041487,0.5722460658082975,you've got mail TV/movies spam style regular audio ,1,Food / Lifestyle Content
2026-02-07,336.0,she's frequently kind with drink trend,8.0,4.0,0.0,tiktok style,tiktok trend,friends,0.0357142857142857,0.0238095238095238,0.0119047619047619,0.0,February,Saturday,6,True,3.571428571428571,2.380952380952381,1.1904761904761905,0.0,she's frequently kind with drink trend friends tiktok style tiktok trend,3,BookTok / Niche Content
2026-02-07,366.0,self care end of kal ho na ho,13.0,0.0,0.0,spam style,tiktok trend,TV/movies,0.0355191256830601,0.0355191256830601,0.0,0.0,February,Saturday,6,True,3.551912568306011,3.551912568306011,0.0,0.0,self care end of kal ho na ho TV/movies spam style tiktok trend,0,Travel / Vlog Content
2026-02-08,1040.0,explaining rules of a game i made up with sound trend ,146.0,0.0,1.0,spam style,tiktok trend,friends,0.1413461538461538,0.1403846153846153,0.0,0.0009615384615384,February,Sunday,6,True,14.134615384615383,14.038461538461538,0.0,0.0961538461538461,explaining rules of a game i made up with sound trend  friends spam style tiktok trend,2,Friend / Social Content
2026-02-08,448.0,debitir las fotos ,22.0,0.0,0.0,tiktok style,tiktok trend,family,0.0491071428571428,0.0491071428571428,0.0,0.0,February,Sunday,6,True,4.910714285714286,4.910714285714286,0.0,0.0,debitir las fotos  family tiktok style tiktok trend,3,BookTok / Niche Content
2026-02-08,325.0,friends outfits in sd,17.0,4.0,0.0,vlog style,tiktok trend,friends,0.0646153846153846,0.0523076923076923,0.0123076923076923,0.0,February,Sunday,6,True,6.461538461538462,5.230769230769231,1.2307692307692308,0.0,friends outfits in sd friends vlog style tiktok trend,2,Friend / Social Content
2026-02-09,529.0,ringo starr,39.0,4.0,2.0,spam style,regular audio ,TV/movies,0.0850661625708884,0.0737240075614366,0.0075614366729678,0.0037807183364839,February,Monday,7,False,8.506616257088846,7.372400756143667,0.7561436672967864,0.3780718336483932,ringo starr TV/movies spam style regular audio ,1,Food / Lifestyle Content
2026-02-09,378.0,what is ur vision for this room with yogurtland,30.0,0.0,0.0,tiktok style,tiktok trend,food,0.0793650793650793,0.0793650793650793,0.0,0.0,February,Monday,7,False,7.936507936507936,7.936507936507936,0.0,0.0,what is ur vision for this room with yogurtland food tiktok style tiktok trend,3,BookTok / Niche Content
2026-02-09,1748.0,tell me lies s3 thoughts ,36.0,0.0,1.0,spam style,trend audio ,TV/movies,0.0211670480549199,0.0205949656750572,0.0,0.0005720823798627,February,Monday,7,False,2.116704805491991,2.059496567505721,0.0,0.05720823798627,tell me lies s3 thoughts  TV/movies spam style trend audio ,1,Food / Lifestyle Content
2026-02-10,1276.0,duet app marketting,15.0,8.0,0.0,yapping,no audio ,uncategorized,0.0180250783699059,0.0117554858934169,0.006269592476489,0.0,February,Tuesday,7,False,1.802507836990596,1.1755485893416928,0.6269592476489028,0.0,duet app marketting uncategorized yapping no audio ,4,Trend Audio / Misc Content
2026-02-10,3565.0,talented mr ripley,98.0,0.0,11.0,spam style,trend audio ,TV/movies,0.0305750350631136,0.0274894810659186,0.0,0.0030855539971949,February,Tuesday,7,False,3.0575035063113605,2.748948106591865,0.0,0.3085553997194951,talented mr ripley TV/movies spam style trend audio ,1,Food / Lifestyle Content
2026-02-10,317.0,warren g harding,15.0,2.0,0.0,yapping,no audio ,uncategorized,0.0536277602523659,0.0473186119873817,0.0063091482649842,0.0,February,Tuesday,7,False,5.3627760252365935,4.73186119873817,0.6309148264984227,0.0,warren g harding uncategorized yapping no audio ,4,Trend Audio / Misc Content
2026-02-11,1146.0,eh...nepal ; sorry cover ,164.0,0.0,2.0,spam style,trend audio ,TV/movies,0.1448516579406631,0.1431064572425829,0.0,0.0017452006980802,February,Wednesday,7,False,14.48516579406632,14.31064572425829,0.0,0.1745200698080279,eh...nepal ; sorry cover  TV/movies spam style trend audio ,1,Food / Lifestyle Content
2026-02-11,257.0,eat pray love awful version,11.0,4.0,0.0,yapping,regular audio ,TV/movies,0.0583657587548638,0.0428015564202334,0.0155642023346303,0.0,February,Wednesday,7,False,5.836575875486381,4.280155642023346,1.556420233463035,0.0,eat pray love awful version TV/movies yapping regular audio ,1,Food / Lifestyle Content
2026-02-11,967.0,food from london,77.0,2.0,0.0,vlog style,trend audio ,food,0.0816959669079627,0.0796277145811789,0.0020682523267838,0.0,February,Wednesday,7,False,8.169596690796277,7.96277145811789,0.2068252326783868,0.0,food from london food vlog style trend audio ,3,BookTok / Niche Content
2026-02-12,509.0,"""wuthering twilights""",18.0,0.0,0.0,yapping,regular audio ,TV/movies,0.0353634577603143,0.0353634577603143,0.0,0.0,February,Thursday,7,False,3.536345776031434,3.536345776031434,0.0,0.0,"""wuthering twilights"" TV/movies yapping regular audio ",1,Food / Lifestyle Content
2026-02-12,12669.0,Kurtis connor prague,3370.0,23.0,102.0,spam style,regular audio ,TV/movies,0.2758702344304996,0.2660036309100955,0.0018154550477543,0.0080511484726497,February,Thursday,7,False,27.58702344304996,26.600363091009548,0.1815455047754361,0.8051148472649774,Kurtis connor prague TV/movies spam style regular audio ,1,Food / Lifestyle Content
2026-02-12,519.0,Me and dana in ireland,60.0,5.0,2.0,vlog style,regular audio ,travel,0.1290944123314065,0.1156069364161849,0.0096339113680154,0.0038535645472061,February,Thursday,7,False,12.909441233140656,11.560693641618498,0.9633911368015412,0.3853564547206166,Me and dana in ireland travel vlog style regular audio ,4,Trend Audio / Misc Content
2026-02-13,535.0,drink up divas...anthony bridgerton,47.0,0.0,0.0,spam style,regular audio ,TV/movies,0.0878504672897196,0.0878504672897196,0.0,0.0,February,Friday,7,False,8.785046728971963,8.785046728971963,0.0,0.0,drink up divas...anthony bridgerton TV/movies spam style regular audio ,1,Food / Lifestyle Content
2026-02-13,221.0,talking abt followers on tiktok ,10.0,4.0,0.0,yapping,regular audio ,uncategorized,0.0633484162895927,0.0452488687782805,0.0180995475113122,0.0,February,Friday,7,False,6.334841628959276,4.524886877828054,1.809954751131222,0.0,talking abt followers on tiktok  uncategorized yapping regular audio ,4,Trend Audio / Misc Content
2026-02-13,5185.0,despacito crashout,596.0,2.0,6.0,spam style,regular audio ,TV/movies,0.1164898746383799,0.1149469623915139,0.0003857280617164,0.0011571841851494,February,Friday,7,False,11.648987463837994,11.494696239151398,0.0385728061716489,0.1157184185149469,despacito crashout TV/movies spam style regular audio ,1,Food / Lifestyle Content
2026-02-14,297.0,playing game incohearent ,18.0,0.0,0.0,vlog style,regular audio ,friends,0.0606060606060606,0.0606060606060606,0.0,0.0,February,Saturday,7,True,6.0606060606060606,6.0606060606060606,0.0,0.0,playing game incohearent  friends vlog style regular audio ,2,Friend / Social Content
2026-02-14,1129.0,WH galentines slop,53.0,0.0,0.0,spam style,trend audio ,friends,0.0469441984056687,0.0469441984056687,0.0,0.0,February,Saturday,7,True,4.694419840566874,4.694419840566874,0.0,0.0,WH galentines slop friends spam style trend audio ,2,Friend / Social Content
2026-02-14,305.0,Dallas fit check,18.0,8.0,0.0,vlog style,trend audio ,friends,0.0852459016393442,0.0590163934426229,0.0262295081967213,0.0,February,Saturday,7,True,8.524590163934425,5.901639344262295,2.622950819672131,0.0,Dallas fit check friends vlog style trend audio ,2,Friend / Social Content
2026-02-15,413.0,dallas stockton yards,7.0,0.0,0.0,vlog style,trend audio ,friends,0.0169491525423728,0.0169491525423728,0.0,0.0,February,Sunday,7,True,1.694915254237288,1.694915254237288,0.0,0.0,dallas stockton yards friends vlog style trend audio ,2,Friend / Social Content
2026-02-15,55809.0,talking abt jacob elordi,513.0,3.0,13.0,spam style,no audio ,friends,0.0094787579064308,0.0091920657958393,5.3754770735902814e-05,0.0002329373398555,February,Sunday,7,True,0.947875790643086,0.919206579583938,0.0053754770735902,0.0232937339855578,talking abt jacob elordi friends spam style no audio ,2,Friend / Social Content
2026-02-15,6473.0,not mr darcy but --> 7/11 buzzball,377.0,0.0,7.0,spam style,tiktok trend,friends,0.0593233431175652,0.0582419280086513,0.0,0.0010814151089139,February,Sunday,7,True,5.932334311756527,5.8241928008651325,0.0,0.108141510891395,not mr darcy but --> 7/11 buzzball friends spam style tiktok trend,2,Friend / Social Content
2026-02-16,383.0,kal ho na ho fmk,21.0,0.0,0.0,spam style,regular audio ,TV/movies,0.0548302872062663,0.0548302872062663,0.0,0.0,February,Monday,8,False,5.483028720626632,5.483028720626632,0.0,0.0,kal ho na ho fmk TV/movies spam style regular audio ,0,Travel / Vlog Content
2026-02-16,2481.0,he is stable/u are train car v train ,145.0,3.0,1.0,tiktok style,tiktok trend,uncategorized,0.0600564288593309,0.0584441757355904,0.0012091898428053,0.0004030632809351,February,Monday,8,False,6.005642885933091,5.844417573559048,0.120918984280532,0.0403063280935106,he is stable/u are train car v train  uncategorized tiktok style tiktok trend,3,BookTok / Niche Content
2026-02-16,24654.0,tell me lies review,1481.0,11.0,35.0,spam style,trend audio ,TV/movies,0.0619372110002433,0.0600713880100592,0.0004461750628701,0.001419647927314,February,Monday,8,False,6.193721100024336,6.007138801005922,0.0446175062870122,0.1419647927314026,tell me lies review TV/movies spam style trend audio ,1,Food / Lifestyle Content
2026-02-16,419.0,tell me lies joy maxxing,23.0,3.0,0.0,spam style,regular audio ,TV/movies,0.0620525059665871,0.0548926014319809,0.0071599045346062,0.0,February,Monday,8,False,6.205250596658711,5.4892601431980905,0.7159904534606205,0.0,tell me lies joy maxxing TV/movies spam style regular audio ,1,Food / Lifestyle Content
2026-02-17,461.0,tml worst finale,16.0,0.0,1.0,spam style,trend audio ,TV/movies,0.0368763557483731,0.0347071583514099,0.0,0.0021691973969631,February,Tuesday,8,False,3.68763557483731,3.470715835140998,0.0,0.2169197396963123,tml worst finale TV/movies spam style trend audio ,1,Food / Lifestyle Content
2026-02-17,319.0,back on ur sofa,23.0,3.0,0.0,vlog style,trend audio ,friends,0.0815047021943573,0.0721003134796238,0.0094043887147335,0.0,February,Tuesday,8,False,8.150470219435736,7.210031347962382,0.9404388714733544,0.0,back on ur sofa friends vlog style trend audio ,2,Friend / Social Content
2026-02-17,426.0,tml thoughts,8.0,0.0,1.0,spam style,trend audio ,TV/movies,0.0211267605633802,0.0187793427230046,0.0,0.0023474178403755,February,Tuesday,8,False,2.112676056338028,1.8779342723004693,0.0,0.2347417840375587,tml thoughts TV/movies spam style trend audio ,1,Food / Lifestyle Content
2026-02-18,868.0,inaara young ho,78.0,6.0,1.0,spam style,tiktok trend,friends,0.097926267281106,0.0898617511520737,0.0069124423963133,0.0011520737327188,February,Wednesday,8,False,9.7926267281106,8.986175115207374,0.6912442396313364,0.1152073732718894,inaara young ho friends spam style tiktok trend,0,Travel / Vlog Content
2026-02-18,313.0,matcha hi matcha,17.0,2.0,0.0,tiktok style,tiktok trend,friends,0.060702875399361,0.0543130990415335,0.0063897763578274,0.0,February,Wednesday,8,False,6.070287539936102,5.431309904153355,0.6389776357827476,0.0,matcha hi matcha friends tiktok style tiktok trend,3,BookTok / Niche Content
2026-02-18,376.0,pink shots ,9.0,1.0,0.0,spam style,trend audio ,uncategorized,0.026595744680851,0.0239361702127659,0.0026595744680851,0.0,February,Wednesday,8,False,2.6595744680851063,2.393617021276596,0.2659574468085106,0.0,pink shots  uncategorized spam style trend audio ,4,Trend Audio / Misc Content
2026-02-19,159961.0,lent story ,23900.0,119.0,400.0,yapping,regular audio ,uncategorized,0.1526559598902232,0.1494114190333894,0.0007439313332624,0.0025006095235713,February,Thursday,8,False,15.265595989022325,14.94114190333894,0.0743931333262482,0.250060952357137,lent story  uncategorized yapping regular audio ,4,Trend Audio / Misc Content
2026-02-19,373.0,everything i ate in dallas,6.0,0.0,0.0,spam style,regular audio ,uncategorized,0.0160857908847185,0.0160857908847185,0.0,0.0,February,Thursday,8,False,1.6085790884718498,1.6085790884718498,0.0,0.0,everything i ate in dallas uncategorized spam style regular audio ,4,Trend Audio / Misc Content
2026-02-19,332.0,crafting with audio ,27.0,2.0,0.0,tiktok style,tiktok trend,uncategorized,0.0873493975903614,0.0813253012048192,0.0060240963855421,0.0,February,Thursday,8,False,8.734939759036145,8.132530120481928,0.6024096385542169,0.0,crafting with audio  uncategorized tiktok style tiktok trend,3,BookTok / Niche Content
2026-02-20,871.0,vietnamese egg coffee,42.0,4.0,0.0,"spam style, tiktok style",regular audio ,food,0.052812858783008,0.0482204362801377,0.0045924225028702,0.0,February,Friday,8,False,5.281285878300804,4.822043628013777,0.4592422502870264,0.0,"vietnamese egg coffee food spam style, tiktok style regular audio ",3,BookTok / Niche Content
2026-02-20,385.0,dallas roadtrip ,21.0,0.0,1.0,vlog style,trend audio ,travel,0.0571428571428571,0.0545454545454545,0.0,0.0025974025974025,February,Friday,8,False,5.714285714285714,5.454545454545454,0.0,0.2597402597402597,dallas roadtrip  travel vlog style trend audio ,4,Trend Audio / Misc Content
2026-02-20,847.0,wuthering heights ,56.0,0.0,2.0,spam style,trend audio ,booktok,0.0684769775678866,0.0661157024793388,0.0,0.0023612750885478,February,Friday,8,False,6.8476977567886665,6.6115702479338845,0.0,0.2361275088547815,wuthering heights  booktok spam style trend audio ,4,Trend Audio / Misc Content
2026-02-21,343.0,velle sound for dallas trip ,18.0,0.0,1.0,vlog style,trend audio ,travel,0.0553935860058309,0.0524781341107871,0.0,0.0029154518950437,February,Saturday,8,True,5.539358600583091,5.247813411078718,0.0,0.2915451895043732,velle sound for dallas trip  travel vlog style trend audio ,4,Trend Audio / Misc Content
2026-02-21,3292.0,wuthering heights perfume ,205.0,3.0,8.0,vlog style,trend audio ,TV/movies,0.0656136087484811,0.0622721749696233,0.0009113001215066,0.0024301336573511,February,Saturday,8,True,6.561360874848117,6.227217496962333,0.0911300121506682,0.2430133657351154,wuthering heights perfume  TV/movies vlog style trend audio ,1,Food / Lifestyle Content
2026-02-21,2289.0,plate of green crunch,51.0,2.0,0.0,spam style,trend audio ,food,0.0231542158147662,0.0222804718217562,0.00087374399301,0.0,February,Saturday,8,True,2.3154215814766275,2.2280471821756227,0.0873743993010048,0.0,plate of green crunch food spam style trend audio ,3,BookTok / Niche Content
2026-02-22,403.0,bridgerton x jenis ice cream ,16.0,0.0,0.0,spam style,regular audio ,food,0.0397022332506203,0.0397022332506203,0.0,0.0,February,Sunday,8,True,3.970223325062035,3.970223325062035,0.0,0.0,bridgerton x jenis ice cream  food spam style regular audio ,3,BookTok / Niche Content
2026-02-22,1976.0,lego paintings ,181.0,0.0,12.0,vlog style,trend audio ,knick knacks,0.0976720647773279,0.0915991902834008,0.0,0.0060728744939271,February,Sunday,8,True,9.767206477732794,9.15991902834008,0.0,0.6072874493927125,lego paintings  knick knacks vlog style trend audio ,4,Trend Audio / Misc Content
2026-02-22,343.0,king of the rock 2021 nyc ,8.0,4.0,0.0,spam style,no audio ,friends,0.0349854227405247,0.0233236151603498,0.0116618075801749,0.0,February,Sunday,8,True,3.498542274052478,2.332361516034985,1.1661807580174928,0.0,king of the rock 2021 nyc  friends spam style no audio ,2,Friend / Social Content
2026-02-23,781.0,ferris bueler museum ,72.0,3.0,1.0,vlog style,trend audio ,friends,0.0973111395646607,0.0921895006402048,0.0038412291933418,0.0012804097311139,February,Monday,9,False,9.73111395646607,9.218950064020486,0.3841229193341869,0.1280409731113956,ferris bueler museum  friends vlog style trend audio ,2,Friend / Social Content
2026-02-23,525.0,van gogh museum ,47.0,0.0,0.0,vlog style,trend audio ,Museum,0.0895238095238095,0.0895238095238095,0.0,0.0,February,Monday,9,False,8.952380952380953,8.952380952380953,0.0,0.0,van gogh museum  Museum vlog style trend audio ,4,Trend Audio / Misc Content
2026-02-23,1248.0,"""dont judge that could be you one day"" ",65.0,0.0,0.0,tiktok style,tiktok trend,TV/movies,0.0520833333333333,0.0520833333333333,0.0,0.0,February,Monday,9,False,5.208333333333334,5.208333333333334,0.0,0.0,"""dont judge that could be you one day""  TV/movies tiktok style tiktok trend",3,BookTok / Niche Content
2026-02-24,2595.0,yapping abt kpop,217.0,12.0,14.0,yapping,regular audio ,TV/movies,0.0936416184971098,0.0836223506743737,0.0046242774566473,0.0053949903660886,February,Tuesday,9,False,9.364161849710982,8.362235067437378,0.4624277456647399,0.5394990366088632,yapping abt kpop TV/movies yapping regular audio ,1,Food / Lifestyle Content
2026-02-24,358.0,chin up diva --> smallville ,33.0,2.0,1.0,spam style,tiktok trend,TV/movies,0.1005586592178771,0.0921787709497206,0.0055865921787709,0.0027932960893854,February,Tuesday,9,False,10.05586592178771,9.217877094972067,0.5586592178770949,0.2793296089385474,chin up diva --> smallville  TV/movies spam style tiktok trend,1,Food / Lifestyle Content
2026-02-24,409.0,read ur moms text,7.0,2.0,0.0,spam style,tiktok trend,family,0.0220048899755501,0.0171149144254278,0.0048899755501222,0.0,February,Tuesday,9,False,2.2004889975550124,1.7114914425427872,0.4889975550122249,0.0,read ur moms text family spam style tiktok trend,3,BookTok / Niche Content
2026-02-25,439.0,delhi shopping,19.0,2.0,0.0,vlog style,trend audio ,travel,0.0478359908883826,0.0432801822323462,0.0045558086560364,0.0,February,Wednesday,9,False,4.783599088838269,4.328018223234624,0.4555808656036446,0.0,delhi shopping travel vlog style trend audio ,4,Trend Audio / Misc Content
2026-02-25,5617.0,buzzball flavors ,418.0,2.0,7.0,spam style,trend audio ,food,0.0760192273455581,0.0744169485490475,0.0003560619547801,0.0012462168417304,February,Wednesday,9,False,7.601922734555814,7.441694854904754,0.0356061954780131,0.1246216841730461,buzzball flavors  food spam style trend audio ,3,BookTok / Niche Content
2026-02-25,322.0,taco bell and abcds,12.0,4.0,0.0,yapping,regular audio ,food,0.0496894409937888,0.0372670807453416,0.0124223602484472,0.0,February,Wednesday,9,False,4.968944099378882,3.7267080745341614,1.2422360248447204,0.0,taco bell and abcds food yapping regular audio ,3,BookTok / Niche Content
2026-02-26,1355.0,month divisions,13.0,1.0,0.0,tiktok style,tiktok trend,uncategorized,0.0103321033210332,0.0095940959409594,0.0007380073800738,0.0,February,Thursday,9,False,1.033210332103321,0.959409594095941,0.07380073800738,0.0,month divisions uncategorized tiktok style tiktok trend,3,BookTok / Niche Content
2026-02-26,2256.0,fave nyc rest audio,40.0,3.0,3.0,vlog style,trend audio ,food,0.0203900709219858,0.0177304964539007,0.0013297872340425,0.0013297872340425,February,Thursday,9,False,2.039007092198582,1.773049645390071,0.1329787234042553,0.1329787234042553,fave nyc rest audio food vlog style trend audio ,3,BookTok / Niche Content
2026-02-26,17889.0,bridgerton s4 with audio ,876.0,0.0,61.0,spam style,trend audio ,TV/movies,0.0523785566549276,0.0489686399463357,0.0,0.0034099167085918,February,Thursday,9,False,5.237855665492761,4.896863994633574,0.0,0.3409916708591872,bridgerton s4 with audio  TV/movies spam style trend audio ,1,Food / Lifestyle Content
2026-02-27,278.0,American love story/avanthika strike,6.0,4.0,0.0,yapping,regular audio ,TV/movies,0.0359712230215827,0.0215827338129496,0.014388489208633,0.0,February,Friday,9,False,3.597122302158273,2.158273381294964,1.4388489208633095,0.0,American love story/avanthika strike TV/movies yapping regular audio ,1,Food / Lifestyle Content
2026-02-27,2131.0,hyacinth brat summer,188.0,0.0,2.0,spam style,trend audio ,TV/movies,0.0891600187705302,0.0882214922571562,0.0,0.000938526513374,February,Friday,9,False,8.916001877053027,8.822149225715627,0.0,0.0938526513374002,hyacinth brat summer TV/movies spam style trend audio ,1,Food / Lifestyle Content
2026-02-27,414.0,Bridgerton s2,25.0,3.0,0.0,yapping,regular audio ,TV/movies,0.0676328502415458,0.0603864734299516,0.0072463768115942,0.0,February,Friday,9,False,6.763285024154589,6.038647342995169,0.7246376811594203,0.0,Bridgerton s2 TV/movies yapping regular audio ,1,Food / Lifestyle Content
2026-02-28,290.0,travel prague,20.0,0.0,1.0,vlog style,trend audio ,travel,0.0724137931034482,0.0689655172413793,0.0,0.0034482758620689,February,Saturday,9,True,7.241379310344828,6.896551724137931,0.0,0.3448275862068966,travel prague travel vlog style trend audio ,4,Trend Audio / Misc Content
2026-02-28,469.0,Heinz beans in htx,13.0,1.0,0.0,tiktok style,tiktok trend,food,0.0298507462686567,0.0277185501066098,0.0021321961620469,0.0,February,Saturday,9,True,2.985074626865672,2.771855010660981,0.2132196162046908,0.0,Heinz beans in htx food tiktok style tiktok trend,3,BookTok / Niche Content
2026-02-28,374.0,hey cheese foam tea,12.0,0.0,0.0,spam style,tiktok trend,food,0.0320855614973262,0.0320855614973262,0.0,0.0,February,Saturday,9,True,3.2085561497326207,3.2085561497326207,0.0,0.0,hey cheese foam tea food spam style tiktok trend,3,BookTok / Niche Content
2026-03-01,12620.0,whats in my bag/audio,665.0,6.0,40.0,tiktok style,tiktok trend,TV/movies,0.0563391442155309,0.0526941362916006,0.0004754358161648,0.0031695721077654,March,Sunday,9,True,5.633914421553091,5.269413629160064,0.0475435816164817,0.3169572107765451,whats in my bag/audio TV/movies tiktok style tiktok trend,3,BookTok / Niche Content
2026-03-01,546.0,english breakfast,12.0,2.0,0.0,tiktok style,trend audio ,food,0.0256410256410256,0.0219780219780219,0.0036630036630036,0.0,March,Sunday,9,True,2.564102564102564,2.197802197802198,0.3663003663003663,0.0,english breakfast food tiktok style trend audio ,3,BookTok / Niche Content
2026-03-02,430.0,k3g BM,18.0,0.0,0.0,spam style,regular audio ,Museum,0.041860465116279,0.041860465116279,0.0,0.0,March,Monday,10,False,4.186046511627907,4.186046511627907,0.0,0.0,k3g BM Museum spam style regular audio ,4,Trend Audio / Misc Content
2026-03-02,17742.0,denny Greys,1714.0,45.0,22.0,spam style,regular audio ,TV/movies,0.1003832713335587,0.0966069214293766,0.0025363544132566,0.0012399954909254,March,Monday,10,False,10.038327133355878,9.66069214293766,0.2536354413256679,0.1239995490925487,denny Greys TV/movies spam style regular audio ,1,Food / Lifestyle Content
2026-03-02,306.0,iceland vlog,13.0,4.0,0.0,vlog style,trend audio ,travel,0.0555555555555555,0.0424836601307189,0.0130718954248366,0.0,March,Monday,10,False,5.555555555555555,4.248366013071895,1.30718954248366,0.0,iceland vlog travel vlog style trend audio ,4,Trend Audio / Misc Content
2026-03-03,4996.0,reminders of him,89.0,4.0,1.0,yapping,no audio ,TV/movies,0.0188150520416333,0.0178142514011208,0.0008006405124099,0.0002001601281024,March,Tuesday,10,False,1.881505204163331,1.7814251401120895,0.0800640512409927,0.0200160128102481,reminders of him TV/movies yapping no audio ,1,Food / Lifestyle Content
2026-03-04,346.0,denny public enemy number 1 ,28.0,7.0,0.0,yapping,trend audio ,TV/movies,0.1011560693641618,0.0809248554913294,0.0202312138728323,0.0,March,Wednesday,10,False,10.115606936416183,8.092485549132949,2.023121387283237,0.0,denny public enemy number 1  TV/movies yapping trend audio ,1,Food / Lifestyle Content
2026-03-04,1362.0,hs students using AI,44.0,7.0,1.0,yapping,no audio ,uncategorized,0.0381791483113069,0.0323054331864904,0.0051395007342143,0.000734214390602,March,Wednesday,10,False,3.81791483113069,3.2305433186490458,0.5139500734214391,0.0734214390602055,hs students using AI uncategorized yapping no audio ,4,Trend Audio / Misc Content
2026-03-04,357.0,rita ora,7.0,2.0,0.0,yapping,regular audio ,uncategorized,0.0252100840336134,0.0196078431372549,0.0056022408963585,0.0,March,Wednesday,10,False,2.5210084033613445,1.96078431372549,0.5602240896358543,0.0,rita ora uncategorized yapping regular audio ,4,Trend Audio / Misc Content
2026-03-05,4598.0,the pitt MOHABBOT,174.0,24.0,13.0,yapping,regular audio ,TV/movies,0.0458895171813832,0.0378425402348847,0.005219660722053,0.0028273162244454,March,Thursday,10,False,4.588951718138321,3.784254023488473,0.5219660722053067,0.2827316224445411,the pitt MOHABBOT TV/movies yapping regular audio ,1,Food / Lifestyle Content
2026-03-05,6108.0,pilgrim,237.0,10.0,7.0,yapping,regular audio ,uncategorized,0.04158480681074,0.0388015717092337,0.001637197118533,0.0011460379829731,March,Thursday,10,False,4.158480681074002,3.880157170923379,0.1637197118533071,0.114603798297315,pilgrim uncategorized yapping regular audio ,4,Trend Audio / Misc Content
2026-03-05,413.0,Comme de burse,20.0,0.0,1.0,vlog style,trend audio ,Museum,0.0508474576271186,0.0484261501210653,0.0,0.0024213075060532,March,Thursday,10,False,5.084745762711865,4.842615012106537,0.0,0.2421307506053268,Comme de burse Museum vlog style trend audio ,4,Trend Audio / Misc Content
2026-03-06,540.0,frank ocean underground artist,18.0,5.0,0.0,yapping,regular audio ,TV/movies,0.0425925925925925,0.0333333333333333,0.0092592592592592,0.0,March,Friday,10,False,4.25925925925926,3.333333333333333,0.9259259259259258,0.0,frank ocean underground artist TV/movies yapping regular audio ,1,Food / Lifestyle Content
2026-03-06,329.0,driving to natashas,20.0,0.0,0.0,yapping,regular audio ,uncategorized,0.060790273556231,0.060790273556231,0.0,0.0,March,Friday,10,False,6.079027355623101,6.079027355623101,0.0,0.0,driving to natashas uncategorized yapping regular audio ,4,Trend Audio / Misc Content
2026-03-06,122988.0,Marty supreme rage bait ,22700.0,224.0,192.0,spam style,trend audio ,TV/movies,0.1879532962565453,0.1845708524408885,0.0018213159007382,0.0015611279149185,March,Friday,10,False,18.79532962565453,18.45708524408885,0.1821315900738283,0.1561127914918528,Marty supreme rage bait  TV/movies spam style trend audio ,1,Food / Lifestyle Content
2026-03-07,382.0,Madison Humphrey,12.0,2.0,0.0,yapping,regular audio ,uncategorized,0.0366492146596858,0.031413612565445,0.0052356020942408,0.0,March,Saturday,10,True,3.664921465968586,3.1413612565445024,0.5235602094240838,0.0,Madison Humphrey uncategorized yapping regular audio ,4,Trend Audio / Misc Content
2026-03-07,621.0,Pistachio jasmine Coconut ,4.0,3.0,1.0,spam style,trend audio ,food,0.0128824476650563,0.0064412238325281,0.0048309178743961,0.001610305958132,March,Saturday,10,True,1.288244766505636,0.644122383252818,0.4830917874396135,0.1610305958132045,Pistachio jasmine Coconut  food spam style trend audio ,3,BookTok / Niche Content
2026-03-07,32302.0,popcorn helmet,622.0,5.0,12.0,spam style,trend audio ,travel,0.0197820568385858,0.0192557736363073,0.0001547891771407,0.0003714940251377,March,Saturday,10,True,1.9782056838585849,1.9255773636307352,0.0154789177140734,0.0371494025137762,popcorn helmet travel spam style trend audio ,4,Trend Audio / Misc Content
2026-03-07,193.0,feb recap cute video,4.0,3.0,0.0,vlog style,trend audio ,friends,0.0362694300518134,0.0207253886010362,0.0155440414507772,0.0,March,Saturday,10,True,3.6269430051813463,2.072538860103627,1.5544041450777202,0.0,feb recap cute video friends vlog style trend audio ,2,Friend / Social Content
2026-03-08,2814.0,train ,187.0,1.0,7.0,spam style,trend audio ,travel,0.0692963752665245,0.0664534470504619,0.0003553660270078,0.0024875621890547,March,Sunday,10,True,6.929637526652452,6.645344705046198,0.0355366027007818,0.2487562189054726,train  travel spam style trend audio ,4,Trend Audio / Misc Content
2026-03-08,249.0,iced ube coco,13.0,3.0,0.0,spam style,trend audio ,food,0.0642570281124498,0.0522088353413654,0.0120481927710843,0.0,March,Sunday,10,True,6.425702811244979,5.220883534136546,1.2048192771084338,0.0,iced ube coco food spam style trend audio ,3,BookTok / Niche Content
2026-03-08,1208.0,caleb heron story time ranking,25.0,5.0,0.0,spam style,trend audio ,TV/movies,0.0248344370860927,0.0206953642384105,0.0041390728476821,0.0,March,Sunday,10,True,2.4834437086092715,2.06953642384106,0.4139072847682119,0.0,caleb heron story time ranking TV/movies spam style trend audio ,1,Food / Lifestyle Content
2026-03-09,1542.0,bridgerton x greys,107.0,1.0,0.0,spam style,regular audio ,TV/movies,0.0700389105058365,0.0693904020752269,0.0006485084306095,0.0,March,Monday,11,False,7.003891050583658,6.939040207522698,0.0648508430609597,0.0,bridgerton x greys TV/movies spam style regular audio ,1,Food / Lifestyle Content
2026-03-09,1149.0,doordash pics,39.0,0.0,0.0,spam style,trend audio ,uncategorized,0.0339425587467362,0.0339425587467362,0.0,0.0,March,Monday,11,False,3.3942558746736298,3.3942558746736298,0.0,0.0,doordash pics uncategorized spam style trend audio ,4,Trend Audio / Misc Content
2026-03-09,347.0,paul hollywood handshake,14.0,3.0,0.0,yapping,regular audio ,TV/movies,0.0489913544668587,0.0403458213256484,0.0086455331412103,0.0,March,Monday,11,False,4.899135446685879,4.034582132564841,0.8645533141210375,0.0,paul hollywood handshake TV/movies yapping regular audio ,1,Food / Lifestyle Content
2026-03-10,316.0,kendall jenner x briana ,5.0,2.0,0.0,spam style,regular audio ,friends,0.0221518987341772,0.0158227848101265,0.0063291139240506,0.0,March,Tuesday,11,False,2.2151898734177213,1.5822784810126582,0.6329113924050633,0.0,kendall jenner x briana  friends spam style regular audio ,2,Friend / Social Content
2026-03-10,508.0,aladdin,33.0,2.0,1.0,yapping,regular audio ,TV/movies,0.0708661417322834,0.0649606299212598,0.0039370078740157,0.0019685039370078,March,Tuesday,11,False,7.086614173228346,6.496062992125983,0.3937007874015747,0.1968503937007873,aladdin TV/movies yapping regular audio ,1,Food / Lifestyle Content
2026-03-11,353.0,tide is high,29.0,4.0,0.0,spam style,tiktok trend,TV/movies,0.093484419263456,0.0821529745042493,0.0113314447592068,0.0,March,Wednesday,11,False,9.34844192634561,8.21529745042493,1.13314447592068,0.0,tide is high TV/movies spam style tiktok trend,1,Food / Lifestyle Content
2026-03-11,292.0,clouds cable car,21.0,0.0,0.0,vlog style,trend audio ,travel,0.071917808219178,0.071917808219178,0.0,0.0,March,Wednesday,11,False,7.191780821917808,7.191780821917808,0.0,0.0,clouds cable car travel vlog style trend audio ,4,Trend Audio / Misc Content
2026-03-12,335.0,desi marriage,15.0,7.0,0.0,"yapping, vlog style",regular audio ,uncategorized,0.0656716417910447,0.044776119402985,0.0208955223880597,0.0,March,Thursday,11,False,6.567164179104477,4.477611940298507,2.0895522388059704,0.0,"desi marriage uncategorized yapping, vlog style regular audio ",4,Trend Audio / Misc Content
2026-03-13,706.0,brownie fudge,45.0,0.0,0.0,tiktok style,trend audio ,food,0.0637393767705382,0.0637393767705382,0.0,0.0,March,Friday,11,False,6.373937677053824,6.373937677053824,0.0,0.0,brownie fudge food tiktok style trend audio ,3,BookTok / Niche Content
2026-03-13,4050.0,ting tea,130.0,8.0,3.0,vlog style,regular audio ,food,0.0348148148148148,0.0320987654320987,0.0019753086419753,0.0007407407407407,March,Friday,11,False,3.4814814814814814,3.2098765432098766,0.1975308641975308,0.074074074074074,ting tea food vlog style regular audio ,3,BookTok / Niche Content
2026-03-14,4138.0,chai ,116.0,0.0,5.0,vlog style,trend audio ,food,0.0292411793136781,0.028032866118898,0.0,0.00120831319478,March,Saturday,11,True,2.9241179313678107,2.803286611889802,0.0,0.1208313194780087,chai  food vlog style trend audio ,3,BookTok / Niche Content
2026-03-14,130398.0,kent and sue veep,14200.0,94.0,302.0,spam style,trend audio ,TV/movies,0.1119342321201245,0.1088973757266215,0.0007208699519931,0.0023159864415098,March,Saturday,11,True,11.193423212012457,10.889737572662158,0.0720869951993128,0.2315986441509839,kent and sue veep TV/movies spam style trend audio ,1,Food / Lifestyle Content
2026-03-14,328.0,trinket ting tea,18.0,0.0,1.0,vlog style,regular audio ,food,0.0579268292682926,0.0548780487804878,0.0,0.0030487804878048,March,Saturday,11,True,5.7926829268292686,5.487804878048781,0.0,0.3048780487804878,trinket ting tea food vlog style regular audio ,3,BookTok / Niche Content
2026-03-15,2487.0,AYCE food,30.0,1.0,1.0,tiktok style,tiktok trend,food,0.0128669079211901,0.0120627261761158,0.0004020908725371,0.0004020908725371,March,Sunday,11,True,1.286690792119019,1.20627261761158,0.0402090872537193,0.0402090872537193,AYCE food food tiktok style tiktok trend,3,BookTok / Niche Content
2026-03-15,1031.0,fits cant wait to wear next summer,23.0,2.0,0.0,tiktok style,tiktok trend,uncategorized,0.0242483026188166,0.0223084384093113,0.0019398642095053,0.0,March,Sunday,11,True,2.424830261881668,2.230843840931134,0.1939864209505334,0.0,fits cant wait to wear next summer uncategorized tiktok style tiktok trend,3,BookTok / Niche Content
2026-03-15,1245.0,oscar best actor,67.0,2.0,0.0,spam style,trend audio ,TV/movies,0.0554216867469879,0.0538152610441767,0.0016064257028112,0.0,March,Sunday,11,True,5.542168674698795,5.381526104417671,0.1606425702811245,0.0,oscar best actor TV/movies spam style trend audio ,1,Food / Lifestyle Content
2026-03-15,1042.0,mb j braces incident ,24.0,2.0,0.0,yapping,trend audio ,TV/movies,0.0249520153550863,0.0230326295585412,0.0019193857965451,0.0,March,Sunday,11,True,2.495201535508637,2.3032629558541267,0.1919385796545105,0.0,mb j braces incident  TV/movies yapping trend audio ,1,Food / Lifestyle Content
2026-03-16,326.0,addison rae performance dallas,20.0,1.0,0.0,spam style,trend audio ,TV/movies,0.0644171779141104,0.0613496932515337,0.0030674846625766,0.0,March,Monday,12,False,6.441717791411043,6.134969325153374,0.3067484662576687,0.0,addison rae performance dallas TV/movies spam style trend audio ,1,Food / Lifestyle Content
2026-03-16,322.0,duel of fates,11.0,0.0,1.0,tiktok text feature ,regular audio ,TV/movies,0.0372670807453416,0.0341614906832298,0.0,0.0031055900621118,March,Monday,12,False,3.7267080745341614,3.4161490683229814,0.0,0.3105590062111801,duel of fates TV/movies tiktok text feature  regular audio ,1,Food / Lifestyle Content
2026-03-16,342.0,trickets,25.0,0.0,0.0,spam style,trend audio ,knick knacks,0.0730994152046783,0.0730994152046783,0.0,0.0,March,Monday,12,False,7.309941520467836,7.309941520467836,0.0,0.0,trickets knick knacks spam style trend audio ,4,Trend Audio / Misc Content
2026-03-16,347.0,nails trasition,12.0,8.0,0.0,tiktok style,trend audio ,uncategorized,0.0576368876080691,0.0345821325648415,0.0230547550432276,0.0,March,Monday,12,False,5.763688760806916,3.45821325648415,2.3054755043227666,0.0,nails trasition uncategorized tiktok style trend audio ,3,BookTok / Niche Content
2026-03-17,340.0,dubai chocolate food ,6.0,2.0,0.0,vlog style,trend audio ,food,0.0235294117647058,0.0176470588235294,0.0058823529411764,0.0,March,Tuesday,12,False,2.3529411764705883,1.7647058823529411,0.5882352941176471,0.0,dubai chocolate food  food vlog style trend audio ,3,BookTok / Niche Content
2026-03-17,2215.0,aerial tramway,159.0,3.0,2.0,vlog style,tiktok trend,travel,0.074040632054176,0.0717832957110609,0.001354401805869,0.000902934537246,March,Tuesday,12,False,7.404063205417607,7.178329571106095,0.1354401805869074,0.0902934537246049,aerial tramway travel vlog style tiktok trend,3,BookTok / Niche Content
2026-03-17,451.0,hamnet,20.0,3.0,0.0,yapping,trend audio ,TV/movies,0.0509977827050997,0.0443458980044345,0.0066518847006651,0.0,March,Tuesday,12,False,5.099778270509978,4.434589800443459,0.6651884700665188,0.0,hamnet TV/movies yapping trend audio ,1,Food / Lifestyle Content
2026-03-17,488.0,hudcon Hrithik roshan,30.0,0.0,1.0,spam style,regular audio ,TV/movies,0.0635245901639344,0.0614754098360655,0.0,0.0020491803278688,March,Tuesday,12,False,6.352459016393443,6.147540983606557,0.0,0.2049180327868852,hudcon Hrithik roshan TV/movies spam style regular audio ,1,Food / Lifestyle Content
2026-03-18,306.0,chicago vibes,17.0,0.0,0.0,vlog style,trend audio ,friends,0.0555555555555555,0.0555555555555555,0.0,0.0,March,Wednesday,12,False,5.555555555555555,5.555555555555555,0.0,0.0,chicago vibes friends vlog style trend audio ,2,Friend / Social Content
2026-03-18,353.0,imposter game,11.0,6.0,0.0,vlog style,no audio ,friends,0.0481586402266288,0.0311614730878186,0.0169971671388102,0.0,March,Wednesday,12,False,4.815864022662889,3.1161473087818696,1.69971671388102,0.0,imposter game friends vlog style no audio ,2,Friend / Social Content
2026-03-18,57868.0,veep x wh,6854.0,53.0,272.0,spam style,trend audio ,TV/movies,0.1240582014239303,0.1184419713831478,0.0009158775143429,0.0047003525264394,March,Wednesday,12,False,12.405820142393033,11.844197138314785,0.0915877514342987,0.4700352526439483,veep x wh TV/movies spam style trend audio ,1,Food / Lifestyle Content
2026-03-19,471.0,games riddle,12.0,0.0,0.0,vlog style,regular audio ,friends,0.0254777070063694,0.0254777070063694,0.0,0.0,March,Thursday,12,False,2.547770700636943,2.547770700636943,0.0,0.0,games riddle friends vlog style regular audio ,2,Friend / Social Content
2026-03-20,689.0,games riddle pt 2,13.0,1.0,0.0,vlog style,regular audio ,friends,0.0203193033381712,0.0188679245283018,0.0014513788098693,0.0,March,Friday,12,False,2.0319303338171264,1.8867924528301887,0.1451378809869375,0.0,games riddle pt 2 friends vlog style regular audio ,2,Friend / Social Content
2026-03-20,732.0,lychee martini and chilis ,61.0,2.0,2.0,spam style,trend audio ,food,0.0887978142076502,0.0833333333333333,0.0027322404371584,0.0027322404371584,March,Friday,12,False,8.879781420765028,8.333333333333332,0.273224043715847,0.273224043715847,lychee martini and chilis  food spam style trend audio ,3,BookTok / Niche Content
2026-03-21,1950.0,jenny nic update,64.0,3.0,7.0,yapping,regular audio ,TV/movies,0.0379487179487179,0.0328205128205128,0.0015384615384615,0.0035897435897435,March,Saturday,12,True,3.794871794871795,3.282051282051282,0.1538461538461538,0.358974358974359,jenny nic update TV/movies yapping regular audio ,1,Food / Lifestyle Content
2026-03-22,331.0,masterchef australia,8.0,0.0,0.0,yapping,no audio ,TV/movies,0.0241691842900302,0.0241691842900302,0.0,0.0,March,Sunday,12,True,2.416918429003021,2.416918429003021,0.0,0.0,masterchef australia TV/movies yapping no audio ,1,Food / Lifestyle Content
2026-03-22,449.0,involve me squishmallows,6.0,0.0,0.0,spam style,trend audio ,food,0.0133630289532293,0.0133630289532293,0.0,0.0,March,Sunday,12,True,1.33630289532294,1.33630289532294,0.0,0.0,involve me squishmallows food spam style trend audio ,3,BookTok / Niche Content
2026-03-23,407.0,lava cake,23.0,2.0,1.0,spam style,trend audio ,food,0.0638820638820638,0.0565110565110565,0.0049140049140049,0.0024570024570024,March,Monday,13,False,6.388206388206388,5.651105651105651,0.4914004914004914,0.2457002457002457,lava cake food spam style trend audio ,3,BookTok / Niche Content
2026-03-24,611.0,jelly cats ,45.0,2.0,1.0,vlog style,regular audio ,knick knacks,0.0785597381342062,0.0736497545008183,0.0032733224222585,0.0016366612111292,March,Tuesday,13,False,7.855973813420622,7.364975450081832,0.3273322422258592,0.1636661211129296,jelly cats  knick knacks vlog style regular audio ,4,Trend Audio / Misc Content
2026-03-25,759.0,kohinoor,49.0,1.0,2.0,vlog style,trend audio ,travel,0.0685111989459815,0.064558629776021,0.0013175230566534,0.0026350461133069,March,Wednesday,13,False,6.851119894598155,6.455862977602108,0.1317523056653491,0.2635046113306983,kohinoor travel vlog style trend audio ,4,Trend Audio / Misc Content
2026-03-26,3253.0,dhurandhar,176.0,4.0,3.0,yapping,trend audio ,TV/movies,0.0562557639102367,0.0541039040885336,0.0012296341838303,0.0009222256378727,March,Thursday,13,False,5.625576391023671,5.410390408853366,0.122963418383031,0.0922225637872732,dhurandhar TV/movies yapping trend audio ,1,Food / Lifestyle Content
2026-03-27,531.0,art museum austria,60.0,0.0,3.0,vlog style,trend audio ,Museum,0.1186440677966101,0.1129943502824858,0.0,0.0056497175141242,March,Friday,13,False,11.864406779661016,11.299435028248588,0.0,0.5649717514124294,art museum austria Museum vlog style trend audio ,4,Trend Audio / Misc Content
2026-03-28,417.0,mithaiholic,16.0,2.0,1.0,vlog style,tiktok trend,food,0.0455635491606714,0.0383693045563549,0.0047961630695443,0.0023980815347721,March,Saturday,13,True,4.556354916067146,3.8369304556354913,0.4796163069544364,0.2398081534772182,mithaiholic food vlog style tiktok trend,3,BookTok / Niche Content
2026-03-29,393.0,dallas night life,7.0,0.0,0.0,spam style,no audio ,friends,0.0178117048346055,0.0178117048346055,0.0,0.0,March,Sunday,13,True,1.7811704834605595,1.7811704834605595,0.0,0.0,dallas night life friends spam style no audio ,2,Friend / Social Content
2026-03-30,328.0,food and money,25.0,0.0,0.0,spam style,trend audio ,food,0.0762195121951219,0.0762195121951219,0.0,0.0,March,Monday,14,False,7.621951219512195,7.621951219512195,0.0,0.0,food and money food spam style trend audio ,3,BookTok / Niche Content
2026-03-30,320.0,sharing hot dog with inaara,19.0,5.0,0.0,spam style,tiktok trend,food,0.075,0.059375,0.015625,0.0,March,Monday,14,False,7.5,5.9375,1.5625,0.0,sharing hot dog with inaara food spam style tiktok trend,3,BookTok / Niche Content
2026-03-31,325.0,recording everytime i want something instead of buying it ,15.0,1.0,0.0,tiktok style,tiktok trend,food,0.0492307692307692,0.0461538461538461,0.003076923076923,0.0,March,Tuesday,14,False,4.923076923076923,4.615384615384616,0.3076923076923077,0.0,recording everytime i want something instead of buying it  food tiktok style tiktok trend,3,BookTok / Niche Content
2026-04-01,6852.0,ranveer dhurandhar ,560.0,7.0,26.0,spam style,trend audio ,TV/movies,0.0865440747227087,0.0817279626386456,0.001021599532983,0.0037945125510799,April,Wednesday,14,False,8.65440747227087,8.172796263864566,0.102159953298307,0.3794512551079976,ranveer dhurandhar  TV/movies spam style trend audio ,1,Food / Lifestyle Content
2026-04-01,318.0,gas prices/pub transpo joke,9.0,1.0,0.0,yapping,regular audio ,uncategorized,0.0314465408805031,0.0283018867924528,0.0031446540880503,0.0,April,Wednesday,14,False,3.1446540880503147,2.8301886792452837,0.3144654088050315,0.0,gas prices/pub transpo joke uncategorized yapping regular audio ,4,Trend Audio / Misc Content
2026-04-01,3271.0,TSA update and IAH,83.0,21.0,5.0,yapping,no audio ,travel,0.0333231427697951,0.0253745032100275,0.0064200550290431,0.0015285845307245,April,Wednesday,14,False,3.3323142769795173,2.537450321002752,0.6420055029043107,0.1528584530724549,TSA update and IAH travel yapping no audio ,4,Trend Audio / Misc Content
2026-04-01,394.0,delhi hooligan,9.0,2.0,0.0,spam style,trend audio ,uncategorized,0.0279187817258883,0.0228426395939086,0.0050761421319796,0.0,April,Wednesday,14,False,2.7918781725888326,2.284263959390863,0.5076142131979695,0.0,delhi hooligan uncategorized spam style trend audio ,4,Trend Audio / Misc Content
2026-04-02,323.0,cherry blosson at central park ,21.0,1.0,0.0,vlog style,trend audio ,travel,0.0681114551083591,0.0650154798761609,0.0030959752321981,0.0,April,Thursday,14,False,6.811145510835913,6.5015479876161,0.3095975232198142,0.0,cherry blosson at central park  travel vlog style trend audio ,4,Trend Audio / Misc Content
2026-04-03,1033.0,george washington painting at the MET,142.0,0.0,10.0,spam style,trend audio ,Museum,0.1471442400774443,0.1374636979670861,0.0,0.0096805421103581,April,Friday,14,False,14.714424007744434,13.746369796708615,0.0,0.968054211035818,george washington painting at the MET Museum spam style trend audio ,4,Trend Audio / Misc Content
2026-04-04,365.0,nyc tourist traps ,7.0,5.0,0.0,tiktok style,tiktok trend,food,0.0328767123287671,0.0191780821917808,0.0136986301369863,0.0,April,Saturday,14,True,3.287671232876712,1.9178082191780823,1.36986301369863,0.0,nyc tourist traps  food tiktok style tiktok trend,3,BookTok / Niche Content
2026-04-04,331.0,apt cafe spread,26.0,2.0,0.0,vlog style,trend audio ,food,0.0845921450151057,0.0785498489425981,0.0060422960725075,0.0,April,Saturday,14,True,8.459214501510575,7.854984894259818,0.6042296072507553,0.0,apt cafe spread food vlog style trend audio ,3,BookTok / Niche Content
2026-04-04,336.0,buzzball at times square,39.0,1.0,1.0,spam style,trend audio ,food,0.1220238095238095,0.1160714285714285,0.0029761904761904,0.0029761904761904,April,Saturday,14,True,12.202380952380953,11.607142857142858,0.2976190476190476,0.2976190476190476,buzzball at times square food spam style trend audio ,3,BookTok / Niche Content
2026-04-05,336.0,sunday roast nyc,9.0,0.0,0.0,spam style,trend audio ,food,0.0267857142857142,0.0267857142857142,0.0,0.0,April,Sunday,14,True,2.6785714285714284,2.6785714285714284,0.0,0.0,sunday roast nyc food spam style trend audio ,3,BookTok / Niche Content
2026-04-05,2133.0,fao shwarz jelly cats,100.0,1.0,3.0,vlog style,trend audio ,knick knacks,0.0487576183778715,0.046882325363338,0.0004688232536333,0.0014064697609001,April,Sunday,14,True,4.875761837787154,4.688232536333802,0.046882325363338,0.140646976090014,fao shwarz jelly cats knick knacks vlog style trend audio ,4,Trend Audio / Misc Content
2026-04-06,726.0,trinket shop in nyc with naughty sign ,55.0,0.0,0.0,spam style,trend audio ,knick knacks,0.0757575757575757,0.0757575757575757,0.0,0.0,April,Monday,15,False,7.575757575757576,7.575757575757576,0.0,0.0,trinket shop in nyc with naughty sign  knick knacks spam style trend audio ,4,Trend Audio / Misc Content
2026-04-06,579.0,john addams at new york city library ,40.0,0.0,0.0,spam style,trend audio ,Museum,0.0690846286701209,0.0690846286701209,0.0,0.0,April,Monday,15,False,6.90846286701209,6.90846286701209,0.0,0.0,john addams at new york city library  Museum spam style trend audio ,4,Trend Audio / Misc Content
2026-04-07,760.0,kal ho na ho fountain ,67.0,2.0,2.0,spam style,trend audio ,travel,0.0934210526315789,0.0881578947368421,0.0026315789473684,0.0026315789473684,April,Tuesday,15,False,9.342105263157894,8.81578947368421,0.2631578947368421,0.2631578947368421,kal ho na ho fountain  travel spam style trend audio ,0,Travel / Vlog Content
2026-04-07,434.0,vacation outfit trend,15.0,7.0,0.0,tiktok style,tiktok trend,travel,0.0506912442396313,0.0345622119815668,0.0161290322580645,0.0,April,Tuesday,15,False,5.0691244239631335,3.4562211981566824,1.6129032258064515,0.0,vacation outfit trend travel tiktok style tiktok trend,3,BookTok / Niche Content
2026-04-07,332.0,mid matcha and dead horse to beat ,10.0,2.0,0.0,spam style,trend audio ,food,0.036144578313253,0.0301204819277108,0.0060240963855421,0.0,April,Tuesday,15,False,3.614457831325301,3.0120481927710845,0.6024096385542169,0.0,mid matcha and dead horse to beat  food spam style trend audio ,3,BookTok / Niche Content
2026-04-08,424.0,london transport museum,33.0,0.0,0.0,spam style,tiktok trend,Museum,0.0778301886792452,0.0778301886792452,0.0,0.0,April,Wednesday,15,False,7.783018867924528,7.783018867924528,0.0,0.0,london transport museum Museum spam style tiktok trend,3,BookTok / Niche Content
2026-04-08,427.0,van gogh museum pt 2 ,39.0,3.0,0.0,vlog style,trend audio ,Museum,0.0983606557377049,0.0913348946135831,0.0070257611241217,0.0,April,Wednesday,15,False,9.836065573770492,9.133489461358314,0.702576112412178,0.0,van gogh museum pt 2  Museum vlog style trend audio ,4,Trend Audio / Misc Content
2026-04-09,115109.0,WTC,4855.0,4.0,69.0,spam style,trend audio ,travel,0.042811595965563,0.0421774144506511,3.474967204997003e-05,0.0005994318428619,April,Thursday,15,False,4.281159596556307,4.217741445065112,0.003474967204997,0.0599431842861983,WTC travel spam style trend audio ,4,Trend Audio / Misc Content
2026-04-09,362.0,gator watch,16.0,2.0,0.0,yapping,regular audio ,uncategorized,0.0497237569060773,0.0441988950276243,0.005524861878453,0.0,April,Thursday,15,False,4.972375690607735,4.41988950276243,0.5524861878453038,0.0,gator watch uncategorized yapping regular audio ,4,Trend Audio / Misc Content
2026-04-09,3425.0,danny and drew ff ,93.0,3.0,3.0,spam style,tiktok trend,TV/movies,0.028905109489051,0.0271532846715328,0.0008759124087591,0.0008759124087591,April,Thursday,15,False,2.890510948905109,2.7153284671532845,0.0875912408759124,0.0875912408759124,danny and drew ff  TV/movies spam style tiktok trend,1,Food / Lifestyle Content
2026-04-10,415.0,birthday twins,22.0,1.0,0.0,vlog style,trend audio ,family,0.0554216867469879,0.053012048192771,0.0024096385542168,0.0,April,Friday,15,False,5.542168674698795,5.301204819277109,0.2409638554216867,0.0,birthday twins family vlog style trend audio ,4,Trend Audio / Misc Content
2026-04-11,529.0,egyptian wing at the MET,65.0,0.0,0.0,vlog style,trend audio ,Museum,0.1228733459357277,0.1228733459357277,0.0,0.0,April,Saturday,15,True,12.287334593572778,12.287334593572778,0.0,0.0,egyptian wing at the MET Museum vlog style trend audio ,4,Trend Audio / Misc Content
2026-04-11,488.0,throwback to nye london bridge song ,39.0,1.0,0.0,vlog style,trend audio ,travel,0.081967213114754,0.0799180327868852,0.0020491803278688,0.0,April,Saturday,15,True,8.19672131147541,7.991803278688526,0.2049180327868852,0.0,throwback to nye london bridge song  travel vlog style trend audio ,4,Trend Audio / Misc Content
2026-04-12,339.0,MET faves,22.0,1.0,0.0,vlog style,trend audio ,Museum,0.0678466076696165,0.0648967551622418,0.0029498525073746,0.0,April,Sunday,15,True,6.784660766961652,6.489675516224189,0.2949852507374631,0.0,MET faves Museum vlog style trend audio ,4,Trend Audio / Misc Content
2026-04-13,5860.0,jacob elordi euphoria,310.0,1.0,2.0,spam style,trend audio ,TV/movies,0.0534129692832764,0.0529010238907849,0.0001706484641638,0.0003412969283276,April,Monday,16,False,5.341296928327645,5.290102389078498,0.0170648464163822,0.0341296928327645,jacob elordi euphoria TV/movies spam style trend audio ,1,Food / Lifestyle Content
2026-04-14,436.0,paan,15.0,0.0,0.0,vlog style,trend audio ,food,0.0344036697247706,0.0344036697247706,0.0,0.0,April,Tuesday,16,False,3.440366972477064,3.440366972477064,0.0,0.0,paan food vlog style trend audio ,3,BookTok / Niche Content
2026-04-15,450.0,buzzball marriot audio ,10.0,0.0,0.0,spam style,trend audio ,food,0.0222222222222222,0.0222222222222222,0.0,0.0,April,Wednesday,16,False,2.2222222222222223,2.2222222222222223,0.0,0.0,buzzball marriot audio  food spam style trend audio ,3,BookTok / Niche Content
2026-04-15,402.0,get well stacked,6.0,0.0,0.0,spam style,trend audio ,uncategorized,0.0149253731343283,0.0149253731343283,0.0,0.0,April,Wednesday,16,False,1.4925373134328357,1.4925373134328357,0.0,0.0,get well stacked uncategorized spam style trend audio ,4,Trend Audio / Misc Content
2026-04-16,2187.0,tyler catastrophe ,72.0,0.0,1.0,spam style,trend audio ,TV/movies,0.033379058070416,0.0329218106995884,0.0,0.0004572473708276,April,Thursday,16,False,3.337905807041609,3.292181069958848,0.0,0.0457247370827617,tyler catastrophe  TV/movies spam style trend audio ,1,Food / Lifestyle Content
2026-04-18,74685.0,tyler catastrophe london audio ,13000.0,114.0,870.0,vlog style,trend audio ,travel,0.1872397402423512,0.1740644038294168,0.0015264109258887,0.0116489254870455,April,Saturday,16,True,18.72397402423512,17.40644038294169,0.1526410925888732,1.1648925487045592,tyler catastrophe london audio  travel vlog style trend audio ,4,Trend Audio / Misc Content
2026-04-19,602.0,frankchella,25.0,0.0,0.0,yapping,regular audio ,uncategorized,0.0415282392026578,0.0415282392026578,0.0,0.0,April,Sunday,16,True,4.152823920265781,4.152823920265781,0.0,0.0,frankchella uncategorized yapping regular audio ,4,Trend Audio / Misc Content
